name,type,channel,target,why,status,next_action,notes
AI coding builders posting about Claude Code,builder,X/Twitter search,"Claude Code wait time OR Claude Code shipping",High-context users who feel wait states daily,blocked_auth,When authenticated X is available find 10 recent relevant posts and reply/DM with builder ask,"2026-06-12 10:00 ET checkpoint: no authenticated sender exposed; do not mass reply"
Cursor power users,builder,X/Twitter search,"Cursor slow generation OR Cursor agent workflow",Likely to test a workflow extension,blocked_auth,When authenticated X is available find 5 users actively shipping with Cursor and ask for one-session test,"2026-06-12 10:00 ET checkpoint: send-ready segment; no outreach sent"
v0/Lovable/Bolt builders,builder,X/Twitter search,"v0 app builder OR Lovable app builder OR Bolt.new builder",No-code/AI app builders respond to useful credits/perks,blocked_auth,When authenticated X is available find 5 shipping posts and ask for one-session test,"2026-06-12 10:00 ET checkpoint: keep ask feedback-first"
r/ClaudeAI builders,builder,Reddit,"https://www.reddit.com/r/ClaudeAI/",Dense Claude users; use feedback post not promo spam,blocked_auth,When authenticated Reddit is available post critique-oriented question only if rules allow it,"2026-06-12 10:00 ET checkpoint: no drive-by promo"
r/ChatGPTCoding builders,builder,Reddit,"https://www.reddit.com/r/ChatGPTCoding/",Relevant coding-with-AI audience,blocked_auth,When authenticated Reddit is available post feedback ask with beta link only if allowed by rules,"2026-06-12 10:00 ET checkpoint: no outreach sent"
r/SideProject builders,builder,Reddit,"https://www.reddit.com/r/SideProject/",Side-project builders use devtool credits,blocked_auth,When authenticated Reddit is available ask for useful-vs-annoying critique,"2026-06-12 10:00 ET checkpoint: keep non-spam feedback frame"
daily.dev builders,builder,daily.dev Squads,"https://docs.daily.dev/",Developer routine audience aligned with product behavior,blocked_auth,When authenticated daily.dev route is available find relevant Squad/content path for feedback post,"2026-06-12 10:00 ET checkpoint: channel research/send still blocked by auth"
Hacker News builders,builder,Hacker News,"Show HN candidate",Strong critique audience once demo is polished,later,Use only after first 10 testers or stronger proof,"2026-06-12 10:00 ET checkpoint: hold; current proof is 2 claims and 2 builder feedback"
Railway,advertiser,official/site/social,"https://railway.com/",Seed placement already maps to hosting credits for AI builders,blocked_auth,When authenticated founder/social/email channel is available pitch $250 pilot and offer mockup,"2026-06-12 10:00 ET checkpoint: priority advertiser; no external outreach sent"
Neon,advertiser,official contact,"https://neon.com/contact-sales",Postgres for apps/agents; good credits/perk advertiser,blocked_auth,When authenticated/approved channel is available pitch AI-builder wait-state pilot,"2026-06-12 10:00 ET checkpoint: priority advertiser; no external outreach sent"
Supabase,advertiser,official/site/social,"https://supabase.com/",Developer infra with broad builder audience,blocked_auth,When authenticated founder/growth/devrel channel is available pitch founder pilot,"2026-06-12 10:00 ET checkpoint: priority advertiser; no external outreach sent"
Turso,advertiser,official/site/social,"https://turso.tech/",Database for edge/app builders; likely credits offer,blocked_auth,When authenticated channel is available pitch credits/perk pilot,"2026-06-12 10:00 ET checkpoint: priority advertiser; no external outreach sent"
Fly.io,advertiser,official/site/social,"https://fly.io/",Developer hosting audience,blocked_auth,When authenticated founder/devrel channel is available pitch hosting credits offer,"2026-06-12 10:00 ET checkpoint: priority advertiser; no external outreach sent"
Render,advertiser,official/site/social,"https://render.com/",Developer hosting and deployment credits fit,blocked_auth,When authenticated growth/devrel channel is available pitch deployment credits offer,"2026-06-12 10:00 ET checkpoint: priority advertiser; no external outreach sent"
Langfuse,advertiser,official contact,"https://langfuse.com/talk-to-us/talk-to-us",AI engineering platform with devtool buyer fit,blocked_auth,When authenticated/approved channel is available pitch AI engineering audience pilot,"2026-06-12 10:00 ET checkpoint: priority advertiser; no external outreach sent"
Helicone,advertiser,official/site/social,"https://www.helicone.ai/",LLM observability for builders,blocked_auth,When authenticated founder/growth channel is available pitch LLM observability offer,"2026-06-12 10:00 ET checkpoint: secondary advertiser; no external outreach sent"
Browserbase,advertiser,official contact,"https://www.browserbase.com/contact",AI agent/browser infra for same audience,blocked_auth,When authenticated/approved channel is available pitch offer card for AI agent builders,"2026-06-12 10:00 ET checkpoint: priority advertiser; no external outreach sent"
Firecrawl,advertiser,official/site/social,"https://www.firecrawl.dev/",AI scraping/crawling tool with builder audience,blocked_auth,When authenticated founder/growth channel is available pitch AI scraping/crawling builder offer,"2026-06-12 10:00 ET checkpoint: priority advertiser; no external outreach sent"
PostHog,advertiser,official/site/social,"https://posthog.com/",Startup/devtool with strong developer marketing,blocked_auth,When authenticated channel is available pitch launch pilot or feedback,"2026-06-12 10:00 ET checkpoint: secondary advertiser; no external outreach sent"
Sentry,advertiser,official/site/social,"https://sentry.io/",Developer workflow advertiser,blocked_auth,When authenticated channel is available pitch wait-state offer pilot,"2026-06-12 10:00 ET checkpoint: secondary advertiser; no external outreach sent"
Checkly,advertiser,official/site/social,"https://www.checklyhq.com/",Developer testing/monitoring tool,blocked_auth,When authenticated devrel/growth channel is available pitch testing/monitoring offer,"2026-06-12 10:00 ET checkpoint: secondary advertiser; no external outreach sent"
CodeRabbit,advertiser,official/site/social,"https://www.coderabbit.ai/",AI code review tool directly relevant,blocked_auth,When authenticated channel is available pitch AI coding workflow audience,"2026-06-12 10:00 ET checkpoint: priority advertiser; no external outreach sent"
Together AI,advertiser,official/site/social,"https://www.together.ai/",AI infra credits are highly relevant to builders,blocked_auth,When authenticated growth/devrel channel is available pitch AI credits offer,"2026-06-12 10:00 ET checkpoint: secondary advertiser; no external outreach sent"
Replicate,advertiser,official/site/social,"https://replicate.com/",AI model builders; credits offer fit,blocked_auth,When authenticated growth/devrel channel is available pitch model credits offer,"2026-06-12 10:00 ET checkpoint: secondary advertiser; no external outreach sent"
